<?xml version="1.0"?>
<!DOCTYPE package-info SYSTEM "http://www.simplemachines.org/xml/package-info">
<package-info xmlns="http://www.simplemachines.org/xml/package-info" xmlns:smf="http://www.simplemachines.org/">
	<id>MellotronScratch:EhPortal_Dutch</id>
	<name>EhPortal - Dutch</name>
	<version>1.34</version>
	<type>modification</type>
	<install for="2.0.99 - 2.1.98">
		<require-file name="SPortal.dutch.php" destination="$languagedir" />
		<require-file name="SPortalAdmin.dutch.php" destination="$languagedir" />
		<require-file name="SPortalHelp.dutch.php" destination="$languagedir" />
		<require-file name="SPortalShoutSounds.dutch.php" destination="$languagedir" />
	</install>
	<uninstall for="2.0.99 - 2.1.98">
		<remove-file name="$languagedir/SPortal.dutch.php" />
		<remove-file name="$languagedir/SPortalAdmin.dutch.php" />
		<remove-file name="$languagedir/SPortalHelp.dutch.php" />
		<remove-file name="$languagedir/SPortalShoutSounds.dutch.php" />
	</uninstall>
</package-info>